date,atus_wfhdays,wfhcovid,wfh_days_postcovid,Notes,License,Citation
3/1/2020,4.8,,,Pre-COVID value is authors' estimate using data from the 2017-2018 American Time Use Survey,"Copyright 2024 by Jose Maria Barrero, Nicholas Bloom, and Steven J. Davis. The data in this .xlsx file are made available under the CC-BY 4.0 license https://creativecommons.org/licenses/by/4.0/","When using this work, please cite: Barrero, Jose Maria, Nicholas Bloom, and Steven J. Davis, 2021. ""Why working from home will stick,"" National Bureau of Economic Research Working Paper 28731."
5/1/2020,,61.5,,,,
7/1/2020,,51,,,,
8/1/2020,,48.3,,,,
9/1/2020,,44.3,,,,
#######,,43.3,,,,
#######,,51.7,,Change in survey question after Oct20,,
#######,,49,,,,
1/1/2021,,48.8,,,,
2/1/2021,,44.5,,,,
3/1/2021,,45.3,,,,
4/1/2021,,45.7,,,,
5/1/2021,,42.6,,,,
6/1/2021,,42.6,,,,
7/1/2021,,43.7,,,,
8/1/2021,,41.3,,,,
9/1/2021,,42,,,,
#######,,41.7,,,,
#######,,43.1,,,,
#######,,42.7,,,,
1/1/2022,,40.4,,,,
2/1/2022,,38.6,,,,
3/1/2022,,41.2,,,,
4/1/2022,,39.4,,,,
5/1/2022,,43.6,,,,
6/1/2022,,43.5,,,,
7/1/2022,,41.1,,,,
8/1/2022,,40.1,,,,
9/1/2022,,40.1,,,,
#######,,40.1,,,,
#######,,39.1,,,,
#######,,38.6,,,,
1/1/2023,,36.7,,,,
2/1/2023,,38.2,,,,
3/1/2023,,39.4,,,,
4/1/2023,,40.8,,,,
7/1/2023,,,31.8,Using data from the latest survey wave,,