date,WFH_share,Source_historical_series,fullremote_hist,Source_fullremote_hist,Notes,License,Citation
1/1/1965,0.4,AHTUS,,,,"Copyright 2025 by Jose Maria Barrero, Nicholas Bloom, and Steven J. Davis. The data in this .xlsx file are made available under the CC-BY 4.0 license https://creativecommons.org/licenses/by/4.0/","When using this work, please cite: Barrero, Jose Maria, Nicholas Bloom, and Steven J. Davis, 2021. ""Why working from home will stick,"" National Bureau of Economic Research Working Paper 28731."
1/1/1975,0.6,AHTUS,,,,,
1/1/1993,2.5,AHTUS,,,,,
1/1/1995,2.2,AHTUS,,,,,
1/1/1998,2.9,AHTUS,,,,,
1/1/2003,3,ATUS,1.8,ACS,,,
1/1/2004,4.1,ATUS,2.1,ACS,,,
1/1/2005,3.4,ATUS,2,ACS,,,
1/1/2006,3.5,ATUS,2.3,ACS,,,
1/1/2007,4,ATUS,2.5,ACS,,,
1/1/2008,4.5,ATUS,2.6,ACS,,,
1/1/2009,6.4,ATUS,2.8,ACS,,,
1/1/2010,5.4,ATUS,2.8,ACS,,,
1/1/2011,4.6,ATUS,3,ACS,,,
1/1/2012,5.7,ATUS,3.1,ACS,,,
1/1/2013,5.4,ATUS,3.2,ACS,,,
1/1/2014,6.4,ATUS,3.3,ACS,,,
1/1/2015,6.8,ATUS,3.5,ACS,,,
1/1/2016,5.9,ATUS,3.9,ACS,,,
1/1/2017,6.9,ATUS,4.1,ACS,,,
1/1/2018,5.3,ATUS,4.2,ACS,,,
1/1/2019,7.2,ATUS,4.7,ACS,,,
5/1/2020,61.6,SWAA,,,,,
6/1/2020,56.4,SWAA,,,The SWAA June 2020 estimate is averages the May and July data because we did not run a survey in June.,,
7/1/2020,51.2,SWAA,,,,,
8/1/2020,48.4,SWAA,,,,,
9/1/2020,44.4,SWAA,,,,,
#######,43.4,SWAA,,,,,
#######,38.8,SWAA,,,,,
#######,37.1,SWAA,,,,,
1/1/2021,36.9,SWAA,,,,,
2/1/2021,34.1,SWAA,,,,,
3/1/2021,34.8,SWAA,,,,,
4/1/2021,34.9,SWAA,,,,,
5/1/2021,32.9,SWAA,,,,,
6/1/2021,32.8,SWAA,,,,,
7/1/2021,33.6,SWAA,,,,,
8/1/2021,32.1,SWAA,,,,,
9/1/2021,32.5,SWAA,,,,,
#######,32.3,SWAA,,,,,
#######,33.2,SWAA,,,,,
#######,33.4,SWAA,,,,,
1/1/2022,32.5,SWAA,,,,,
2/1/2022,31.1,SWAA,,,,,
3/1/2022,31.1,SWAA,,,,,
4/1/2022,29.6,SWAA,,,,,
5/1/2022,31.6,SWAA,,,,,
6/1/2022,31.7,SWAA,,,,,
7/1/2022,30.7,SWAA,,,,,
8/1/2022,29.5,SWAA,,,,,
9/1/2022,29.1,SWAA,,,,,
#######,29.5,SWAA,,,,,
#######,28.9,SWAA,,,,,
#######,29.3,SWAA,,,,,
1/1/2023,27.2,SWAA,,,,,
2/1/2023,27.8,SWAA,,,,,
3/1/2023,28.8,SWAA,,,,,
4/1/2023,28.4,SWAA,,,,,
5/1/2023,28.3,SWAA,,,,,
6/1/2023,28.2,SWAA,,,,,
7/1/2023,30.8,SWAA,,,,,
8/1/2023,30.7,SWAA,,,,,
9/1/2023,29.4,SWAA,,,The September 2023 SWAA estimate averages the values for August and October due to data quality issues with the September 2023 survey wave.,,
#######,28,SWAA,,,,,
#######,28.5,SWAA,,,,,
#######,29.5,SWAA,,,,,
1/1/2024,28.9,SWAA,,,,,
2/1/2024,27.8,SWAA,,,,,
3/1/2024,27.5,SWAA,,,,,
4/1/2024,27.1,SWAA,,,,,
5/1/2024,26.6,SWAA,,,,,
6/1/2024,28.6,SWAA,,,,,
7/1/2024,29.5,SWAA,,,,,
8/1/2024,27.5,SWAA,,,,,
9/1/2024,27.6,SWAA,,,,,
#######,26.4,SWAA,,,,,
#######,26.8,SWAA,,,,,
#######,26.9,SWAA,,,,,
1/1/2025,29.4,SWAA,,,,,
2/1/2025,26.8,SWAA,,,,,
3/1/2025,28.7,SWAA,,,,,
4/1/2025,27.6,SWAA,,,,,
5/1/2025,27.2,SWAA,,,,,
6/1/2025,27.9,SWAA,,,,,
7/1/2025,27.3,SWAA,,,,,
8/1/2025,26.4,SWAA,,,,,
9/1/2025,26.6,SWAA,,,,,
#######,24.9,SWAA,,,,,